[{"pos_x": 167.62, "pos_y": -132.613, "rotation": -90.0, "side": "top", "designator": "GND", "mpn": null, "pack": "PinSocket_1x02_P2.54mm_Vertical", "value": "Conn_01x02_Pin", "mount_type": "tht", "place": true}, {"pos_x": 141.732, "pos_y": -111.252, "rotation": -90.0, "side": "top", "designator": "RTC", "mpn": null, "pack": "PinSocket_1x05_P2.54mm_Vertical", "value": "Conn_01x05_Male", "mount_type": "tht", "place": true}, {"pos_x": 159.19, "pos_y": -121.434, "rotation": -90.0, "side": "top", "designator": "U1", "mpn": null, "pack": "ESP32-WROOM-32", "value": "ESP32-WROOM-32", "mount_type": "smt", "place": true}, {"pos_x": 105.029, "pos_y": -120.578, "rotation": 0.0, "side": "top", "designator": "USB", "mpn": null, "pack": "PinSocket_1x05_P2.54mm_Vertical", "value": "Conn_01x05_Male", "mount_type": "tht", "place": true}, {"pos_x": 119.38, "pos_y": -120.406, "rotation": 0.0, "side": "top", "designator": "IMU", "mpn": null, "pack": "PinSocket_1x04_P2.54mm_Vertical", "value": "Conn_01x04_Male", "mount_type": "tht", "place": true}, {"pos_x": 141.58, "pos_y": -116.992, "rotation": 180.0, "side": "top", "designator": "SW_EN_btn", "mpn": null, "pack": "SW_Push_1P1T_NO_6x6mm_H9.5mm", "value": "SW_Push", "mount_type": "smt", "place": true}, {"pos_x": 146.66, "pos_y": -131.724, "rotation": -90.0, "side": "top", "designator": "T3", "mpn": null, "pack": "PinSocket_1x01_P2.54mm_Vertical", "value": "Conn_01x01_Male", "mount_type": "tht", "place": true}, {"pos_x": 109.195, "pos_y": -122.936, "rotation": -90.0, "side": "top", "designator": "T4", "mpn": null, "pack": "PinSocket_1x01_P2.54mm_Vertical", "value": "Conn_01x01_Male", "mount_type": "tht", "place": true}, {"pos_x": 99.416, "pos_y": -126.644, "rotation": -90.0, "side": "top", "designator": "G***", "mpn": null, "pack": "LOGO", "value": "LOGO", "mount_type": "tht", "place": false}, {"pos_x": 134.468, "pos_y": -119.532, "rotation": -90.0, "side": "top", "designator": "C_EN", "mpn": null, "pack": "C_0805_2012Metric_Pad1.18x1.45mm_HandSolder", "value": "0.1uF", "mount_type": "smt", "place": true}, {"pos_x": 141.58, "pos_y": -126.136, "rotation": 0.0, "side": "top", "designator": "SW_Boot_btn", "mpn": null, "pack": "SW_Push_1P1T_NO_6x6mm_H9.5mm", "value": "SW_Push", "mount_type": "smt", "place": true}, {"pos_x": 134.468, "pos_y": -114.96, "rotation": -90.0, "side": "top", "designator": "R_EN", "mpn": null, "pack": "R_0603_1608Metric_Pad0.98x0.95mm_HandSolder", "value": "10K", "mount_type": "smt", "place": true}, {"pos_x": 167.488, "pos_y": -110.388, "rotation": -90.0, "side": "top", "designator": "3V", "mpn": null, "pack": "PinSocket_1x01_P2.54mm_Vertical", "value": "Conn_01x01_Male", "mount_type": "tht", "place": true}, {"pos_x": 134.468, "pos_y": -129.184, "rotation": -90.0, "side": "top", "designator": "C1", "mpn": null, "pack": "C_0805_2012Metric_Pad1.18x1.45mm_HandSolder", "value": "10uF", "mount_type": "smt", "place": true}, {"pos_x": 127.61, "pos_y": -128.016, "rotation": 180.0, "side": "top", "designator": "SD_card", "mpn": null, "pack": "PinSocket_1x06_P2.54mm_Vertical", "value": "Conn_01x06_Male", "mount_type": "tht", "place": true}, {"pos_x": 134.468, "pos_y": -124.104, "rotation": -90.0, "side": "top", "designator": "C2", "mpn": null, "pack": "C_0805_2012Metric_Pad1.18x1.45mm_HandSolder", "value": "0.1uF", "mount_type": "smt", "place": true}, {"pos_x": 99.314, "pos_y": -112.776, "rotation": 0.0, "side": "top", "designator": "3.2mm_M3", "mpn": null, "pack": "MountingHole_3.2mm_M3", "value": "MountingHole_3.2mm_M3", "mount_type": "tht", "place": false}]